time_id,row_id,target
26455,481_0_0,0.8523572
26455,481_0_1,6.904827
26455,481_0_2,2.960912
